{"cameraMode":{"drawMode":0,"name":"Shaded","section":"Shading Mode"},"sceneLighting":true,"audioPlay":false,"sceneViewState":{"showFog":true,"showMaterialUpdate":false,"showSkybox":true,"showFlares":true,"showImageEffects":true,"showParticleSystems":true},"in2DMode":false,"pivot":{"x":-1.1493573188781739,"y":-1.5896867513656617,"z":-1.001381278038025},"rotation":{"x":0.06957430392503739,"y":-0.722621738910675,"z":0.07352461665868759,"w":0.6837919354438782},"size":10.0,"orthographic":true}